[{
        "deployment": {
            "aws-account-details": {}
        }
    },
    {
        "aem6.5": {
            "stage": {
                "author": "http://stage-aem.bgotools.cloud.centricaplc.com/",
                "publish": "http://publish-aem.bgodevtest.cloud.centricaplc.com/",
                "apache": "https://www1.bgo.bgdigitaltest.co.uk/"
            },
            "stage-ln": {
                "author": "http://stage-aem-ln.bgotools.cloud.centricaplc.com/",
            },
            "prod": {
                "author": "http://prod-aem.bgotools.cloud.centricaplc.com/",
                "publish1": "http://publish-aem1.bgoprod.cloud.centricaplc.com/",
                "publish2": "http://publish-aem2.bgoprod.cloud.centricaplc.com/",
                "apache": "https://www-prod.bgo.bgdigitaltest.co.uk/"
            },
            "preprod-ln": {
                "publish1": "http://publish-aem1.bgopreprod.cloud.centricaplc.com/"
            },
            "prod-ln": {
                "author": "http://prod-aem-ln.bgotools.cloud.centricaplc.com/",
            },
            "prod-publish-config": [
                "publish-aem1.bgoprod.cloud.centricaplc.com",
                "publish-aem2.bgoprod.cloud.centricaplc.com",
                "bg-aem-service.prod.svc.cluster.local",
                "aem-publish-1-0.aem-publish-service-1.prod.svc.cluster.local",
                "aem-publish-2-0.aem-publish-service-2.prod.svc.cluster.local"
            ]
        }
    },
    {
        "cq": {
            "stage": {
                "author": "http://stage-cq.bgotools.cloud.centricaplc.com/",
                "publish1": "http://publish-cq1.bgodevtest.cloud.centricaplc.com/"
            },
            "stage-ln": {
                "author": "http://stage-cq-ln.bgotools.cloud.centricaplc.com/",
                "publish1": "http://publish-cq1.bgodevtest.cloud.centricaplc.com/",
                "publish2": "http://publish-cq2.bgodevtest.cloud.centricaplc.com/",
                "publish3": "http://publish-cq3.bgodevtest.cloud.centricaplc.com/",
                "publish4": "http://publish-cq4.bgodevtest.cloud.centricaplc.com/",
                "publish5": "http://publish-cq5.bgodevtest.cloud.centricaplc.com/",
                "publish6": "http://publish-cq6.bgodevtest.cloud.centricaplc.com/",
                "publish7": "http://publish-cq7.bgodevtest.cloud.centricaplc.com/",
                "publish8": "http://publish-cq8.bgodevtest.cloud.centricaplc.com/"
            },
            "prod": {
                "author": "http://prod-cq.bgotools.cloud.centricaplc.com/ - Not working",
                "publish1": "http://publish-cq1.bgoprod.cloud.centricaplc.com/",
                "publish2": "http://publish-cq2.bgoprod.cloud.centricaplc.com/",
                "publish3": "http://publish-cq3.bgoprod.cloud.centricaplc.com/",
                "publish4": "http://publish-cq4.bgoprod.cloud.centricaplc.com/",
                "publish5": "http://publish-cq5.bgoprod.cloud.centricaplc.com/",
                "publish6": "http://publish-cq6.bgoprod.cloud.centricaplc.com/",
                "publish7": "http://publish-cq7.bgoprod.cloud.centricaplc.com/",
                "publish8": "http://publish-cq8.bgoprod.cloud.centricaplc.com/",
                "publish9": "http://publish-cq9.bgoprod.cloud.centricaplc.com/"
            },
            "prod-ln": {
                "author": "http://prod-cq-ln.bgotools.cloud.centricaplc.com/",
                "publish1":"http://publish-cq1.bgopreprod.cloud.centricaplc.com/",
                "publish2":"http://publish-cq2.bgopreprod.cloud.centricaplc.com/",
                "publish3":"http://publish-cq3.bgopreprod.cloud.centricaplc.com/",
                "publish4":"http://publish-cq4.bgopreprod.cloud.centricaplc.com/",
                "publish5":"http://publish-cq5.bgopreprod.cloud.centricaplc.com/",
                "publish6":"http://publish-cq6.bgopreprod.cloud.centricaplc.com/",
                "publish7":"http://publish-cq7.bgopreprod.cloud.centricaplc.com/",
                "publish8":"http://publish-cq8.bgopreprod.cloud.centricaplc.com/",
                "publish9":"http://publish-cq9.bgopreprod.cloud.centricaplc.com/"
            }
        }
    }
]