
{"CSS Code Placement":"internal, external, inline.",
"Cascade, Specificity and Inheritance":" The 3 main behavior types.",
"Selectors":"by tag name, id, class (id and class names can include - and _)",
"Properties":"Basic and short-hand (composite) properties.",
"Attribute selectors":"[attr], [attr=value], [attr~=value], etc",
"Case-insensitive attribute selectors":"[attr^=value i]",
"Combinators":"space ( ), &gt;, +(adjacent sibling,) and ~(general sibling)",
"#id.clsname.active": "is not the same as #id .clsname .active",
"Comments":" /* unseen */",
"Pseudo Classes":" :root, :first-child, :last-child, :only-child, :nth-child(), :checked, :disabled, :enabled, :past, :future, :is(), :not()",
"User-action Pseudo Classes":" :link, :hover, :focus, :visited",
"Pseudo Elements":"(are added by the browser, don’t really exist in the DOM spec.) ::before, ::after, ::selection, ::first-letter, ::first-line, ::grammar-error, ::spelling-error",
"Basic Properties":"font-size, font-family, font-weight, color",
"Text":"font, font-family, font-size, text-align, text-shadow, text-decoration (removing underline from links,) line-height, text-overflow: ellipsis.",
"Text Align":"left, center, right, text-align-last, vertical-align.",
"Colors":"built-in names, X11 (cornflowerblue), rgb, rgba, hex, hexa",
"Borders":"border, border-width, border-color, border-radius, border-top-left-radius, border-top-right-radius, border-bottom-right-radius, border-bottom-left-radius, box-shadow (create drop shadow or glow effect.)",
"Elliptical border radius":"create irregular shape rounded corners.",
"Box Model":"The basics of how padding, margin and box-sizing work",
"Display and Position Intro":" control content flow and its position (position:static, relative, absolute, fixed and sticky), also(display:none, block, inline, inline-block, inline-flex, inline-grid.) and visibility:hidden, visible or collapse (last one is for tables only.)",
"Dimensions":"width, height, max-width, max-height, box-sizing.",
"CSS Variables":":root { --name: val; }",
"CSS Units":"Absolute length: (px, pt, pc, in, cm, mm, q) and Relative length: (fr, em, ex, %, ch, rem, vw, vh, vmin, vmax.)",
"Backgrounds":"background url() and other background properties.",
"Fitting content with object-fit property":"fill, cover, contain, none.",
"Gradients":"linear, radial, conic, and repeating versions of each.",
"Filters":"blur(10px), contrast(120%), invert(100%), opacity(50%), etc.",
"Z-index":"Re-arrange natural drawing order of elements.",
"Flex":"display: flex, flex-direction, justify-content (stretch, space-between, space-around, space-evenly, center, flex-start, flex-end), align-items, align-content, flex-basis, flex-grow, flex-shrink, order.",
"Grid":"grid box model, gaps, lines, grid-template-columns, grid-template-rows, implicit and explicit content placement, negative coordinate system, fractional units (fr-units, relative units,) grid-column, grid-row with span, grid-column-start, grid-column-end, grid-row-start, grid-row-end, min-content,max-content, multi-directional 360 “float”, align-self, justify-self, template areas, naming grid lines, repeat(), auto-fill, auto-fit, grid-auto-flow: row, column, dense, row dense, column dense.",
"Transitions":"transition: 0.4s;",
"Animation":"@keyframes {} at-rule, animation-name, animation-fill-mode (none, forwards, backwards, both,) animation-duration, animation-timing-function (linear, ease, ease-in, ease-out, ease-in-out, cubic-beizer,) animation-delay, animation-iteration-count, animation-direction, animation-play-state (paused, running,) animation":"normal 3000ms ease;",
"Transforms 2D":"translate(200px, 100px), scale(2.0), rotate(45deg), transform-origin: 50% 500 (default). 3D":"perspective: 200px, perspective-origin: 50% 50% (default,) transform: rotateX, rotateY, rotateZ. 3D cube.",
"Sass/SCSS":"Basic examples.",
"DOM.style property":"Changing CSS dynamically with JavaScript.",
"CSS Art":""}