[
	[
		"create repository in github from local",
		"git init -b master",
		"git add .",
		"git commit -m \"initial commit\"",
		"git remote add origin remote_url(should be created)",
		"git remote -v",
		"git push -u origin master"
	],
	[
		{
			"branch": {
				"deleteBranch": "git branch -d <branch-name>",
				"deleteBranchOrigin": "git push origin --delete <branch-name>",
				"deleteBoth": "git branch -D <branch-name> && git fetch --prune --all"
			}
		},
		{
			"shortcuts": {
				"deleteothers": "git branch | grep -v 'master' | xagrs git branch -D"
			}
		}
	],
	["`
   Main Porcelain Commands
   add                  Add file contents to the index
   am                   Apply a series of patches from a mailbox
   archive              Create an archive of files from a named tree
   bisect               Use binary search to find the commit that introduced a bug
   branch               List, create, or delete branches
   bundle               Move objects and refs by archive
   checkout             Switch branches or restore working tree files
   cherry-pick          Apply the changes introduced by some existing commits
   citool               Graphical alternative to git-commit
   clean                Remove untracked files from the working tree
   clone                Clone a repository into a new directory
   commit               Record changes to the repository
   describe             Give an object a human readable name based on an available ref
   diff                 Show changes between commits, commit and working tree, etc
   fetch                Download objects and refs from another repository
   format-patch         Prepare patches for e-mail submission
   gc                   Cleanup unnecessary files and optimize the local repository
   gitk                 The Git repository browser
   grep                 Print lines matching a pattern
   gui                  A portable graphical interface to Git
   init                 Create an empty Git repository or reinitialize an existing one
   log                  Show commit logs
   merge                Join two or more development histories together
   mv                   Move or rename a file, a directory, or a symlink
   notes                Add or inspect object notes
   pull                 Fetch from and integrate with another repository or a local branch
   push                 Update remote refs along with associated objects
   range-diff           Compare two commit ranges (e.g. two versions of a branch)
   rebase               Reapply commits on top of another base tip
   reset                Reset current HEAD to the specified state
   restore              Restore working tree files
   revert               Revert some existing commits
   rm                   Remove files from the working tree and from the index
   shortlog             Summarize 'git log' output
   show                 Show various types of objects
   stash                Stash the changes in a dirty working directory away
   status               Show the working tree status
   submodule            Initialize, update or inspect submodules
   switch               Switch branches
   tag                  Create, list, delete or verify a tag object signed with GPG
   worktree             Manage multiple working trees

Ancillary Commands / Manipulators
   config               Get and set repository or global options
   fast-export          Git data exporter
   fast-import          Backend for fast Git data importers
   filter-branch        Rewrite branches
   mergetool            Run merge conflict resolution tools to resolve merge conflicts
   pack-refs            Pack heads and tags for efficient repository access
   prune                Prune all unreachable objects from the object database
   reflog               Manage reflog information
   remote               Manage set of tracked repositories
   repack               Pack unpacked objects in a repository
   replace              Create, list, delete refs to replace objects

Ancillary Commands / Interrogators
   annotate             Annotate file lines with commit information
   blame                Show what revision and author last modified each line of a file
   count-objects        Count unpacked number of objects and their disk consumption
   difftool             Show changes using common diff tools
   fsck                 Verifies the connectivity and validity of the objects in the database
   gitweb               Git web interface (web frontend to Git repositories)

Other command (learning one by one)

usage: git [--version] [--help] [-C <path>] [-c <name>=<value>]
           [--exec-path[=<path>]] [--html-path] [--man-path] [--info-path]
           [-p | --paginate | -P | --no-pager] [--no-replace-objects] [--bare]
           [--git-dir=<path>] [--work-tree=<path>] [--namespace=<name>]
           <command> [<args>]

These are common Git commands used in various situations:

start a working area (see also: git help tutorial)
   clone     Clone a repository into a new directory
   init      Create an empty Git repository or reinitialize an existing one

work on the current change (see also: git help everyday)
   add       Add file contents to the index
   mv        Move or rename a file, a directory, or a symlink
   restore   Restore working tree files
   rm        Remove files from the working tree and from the index

examine the history and state (see also: git help revisions)
   bisect    Use binary search to find the commit that introduced a bug
   diff      Show changes between commits, commit and working tree, etc
   grep      Print lines matching a pattern
   log       Show commit logs
   show      Show various types of objects
   status    Show the working tree status

grow, mark and tweak your common history
   branch    List, create, or delete branches
   commit    Record changes to the repository
   merge     Join two or more development histories together
   rebase    Reapply commits on top of another base tip
   reset     Reset current HEAD to the specified state
   switch    Switch branches
   tag       Create, list, delete or verify a tag object signed with GPG

collaborate (see also: git help workflows)
   fetch     Download objects and refs from another repository
   pull      Fetch from and integrate with another repository or a local branch
   push      Update remote refs along with associated objects`"]
]
