{
	"target": [
		{
			"1": "https://dev.to/thatanjan/13-reasons-why-you-should-use-nextjs-2d40"
		}
	],
	"interviews": [
		"https://www.codeandchaos.com/excercise/jobinterview/2021-02-01-JobInterview-React-Coding-Challenge/",
		"https://github.com/alexgurr/react-coding-challenges",
		"https://www.robinwieruch.de/react-component-to-image"
	],
	"common": [
		{
			"reads-everyday": [
				{ "common": ["https://medium.com/dailyjs"] },
				{
					"javascript": [
						"https://www.30secondsofcode.org/articles/s/javascript-arrow-function-event-listeners",
						"https://jakearchibald.com",
						"https://dev.to",
						"https://www.techiedelight.com/create-array-from-1-n-javascript/"
					]
				},
				{
					"reactjs": [
						"https://reactjs.org",
						"https://www.youtube.com/watch?v=9DDX3US3kss",
						"https://blog.logrocket.com/understanding-react-useeffect-cleanup-function/",
						"https://daveceddia.com/usestate-hook-examples/",
						"https://daveceddia.com/intro-to-hooks/",
						"https://kentcdodds.com/blog/application-state-management-with-react",
						"https://github.com/kentcdodds/managing-state-management-slides",
						"https://github.com/kentcdodds/application-state-management-talk/blob/main/slides",
						"https://medium.com/codingthesmartway-com-blog/modern-react-from-the-beginning-ep7-state-management-3b3c063f4dd3",
						"https://xebia.com/academy/en/training/advanced-state-management-in-react",
						"https://frontendmasters.com/workshops/advanced-state-management-in-react/",
						"https://www.youtube.com/playlist?list=WL",
						"https://www.youtube.com/watch?v=zpUMRsAO6-Y&list=WL&index=15",
						"https://www.youtube.com/watch?v=d5i2scsjYu8&list=WL&index=13",
						"https://www.producthunt.com/posts/regexlearn",
						"https://twitter.com/rachelnabors",
						"https://krasimir.gitbooks.io/react-in-patterns/content/",
						"https://github.com/davidgilbertson/scatter-bar/blob/master/src/App/App.js"
					]
				},
				{ "testing": ["https://jest.com"] }
			],
			"public-apis": ["https://github.com/public-apis/public-apis"]
		}
	],
	"reactjs": [
		{
			"roadmap": [
				"react",
				"react-router",
				"axios",
				"redux",
				"react-redux",
				"styled-components",
				"material-ui",
				"chakkra-ui",
				"formik",
				"reacttestinglibrary",
				"jest",
				"recoil"
			],
			"reads": [
				{ "react-finland": "https://react-finland.fi/2021/schedule/" },
				{ "overreacted": "https://overreacted.io/" },
				{ "react-redux": "https://github.com/markerikson/react-redux-links" },
				{ "react-rendering": "https://blog.isquaredsoftware.com/" }
			],
			"videos": [
				{
					"react-learnings": "https://www.youtube.com/c/Weibenfalk/playlists",
					"redux-danabramov": "https://egghead.io/lessons/javascript-redux-simplifying-the-arrow-functions",
					"redux-alternative-uis": "https://www.youtube.com/watch?v=gvVpSezT5_M&t=711s"
				}
			],
			"source-code": [
				"https://github.com/reactjsexample/react-typescript-example",
				"https://github.com/Lemoncode/react-typescript-samples",
				"https://github.com/ganeshmani/react-redux-typescript-example",
				"https://github.com/benawad/react-typescript-example",
				"https://github.com/resir014/react-redux-typescript-example",
				"https://blog.marcnuri.com/isotope-mail-client-introduction",
				"https://getstream.io/winds/",
				"https://github.com/ridhwaans/homehost",
				"https://github.com/diced/zipline"
			],
			"projects": [
				{
					"current": [
						"https://egghead.io/lessons/react-redux-the-single-immutable-state-tree",
						"https://redux.js.org/introduction/getting-started",
						"https://egghead.io/courses/building-react-applications-with-idiomatic-redux",
						"https://embed.plnkr.co/github/eggheadio-projects/getting-started-with-redux/master/01-react-redux-the-single-immutable-state-tree?show=script,preview",
						"https://github.com/roginfarrer/react-collapsed",
						"https://codesandbox.io/s/magical-browser-vibv2?file=/src/App.tsx:0-1107",
						"https://github.com/reactjsexample/react-typescript-example",
						"https://www.youtube.com/watch?v=9DDX3US3kss",
						"https://reactjsexample.com/"
					]
				},
				{
					"upcoming": "https://dev.to/bornfightcompany/land-a-react-job-the-lazy-way-2d1o?utm_source=hackertab.dev&utm_medium=post&utm_campaign=home"
				}
			],
			"hosting": [
				{ "netlify": "" },
				{ "vercel": "" },
				{ "surge": "" },
				{ "heroku": "" },
				{ "firebase": "" },
				{ "github": "" }
			],
			"packages": [
				{ "react-youtube": "https://github.com/tjallingt/react-youtube" }
			]
		}
	],
	"javascripts": [
		{
			"roadmap": [
				"prototype",
				"higher-order-funcations",
				"callback",
				"promises",
				"async-await",
				"this",
				"scope",
				"hoisting",
				"call-apply-bind",
				"predefined-functions-methods",
				"array-methods",
				"es6-features",
				"design-pattrens",
				"js-proposals",
				"event-handlers",
				"DOM",
				"algorithms"
			],
			"reads": [
				{
					"just-javascript": "https://justjavascript.com/",
					"reduce-methods": "https://dev.to/ramgendeploy/learn-javascript-reduce-method-with-5-examples-128n",
					"string-reverse": "https://www.freecodecamp.org/news/how-to-reverse-a-string-in-javascript-in-3-different-ways-75e4763c68cb/",
					"converting-string-to-number": "https://javascript.plainenglish.io/9-ways-to-convert-strings-into-numbers-in-javascript-111d0431edb5",
					"medium": "https://medium.com/@jsomineni",
					"idiomatic": "https://github.com/rwaldron/idiomatic.js"
				}
			],
			"questions": [
				"https://github.com/sudheerj/javascript-interview-questions",
				"https://github.com/learning-zone/javascript-interview-questions",
				"https://github.com/lydiahallie/javascript-questions",
				"https://github.com/rachelnabors/front-end-developer-employer-questions"
			],
			"topics": [
				{
					"Promises": "Learning about promises in Javascript",
					"status": "Not Started",
					"links": {
						"youtube": ["https://www.youtube.com/watch?v=V_Kr9OSfDeU"],
						"mdn": [
							"https://developer.mozilla.org/en-US/docs/Web/JavaScript/Reference/Global_Objects/Promise"
						],
						"medium-real-time-example": [
							"https://medium.com/free-code-camp/how-to-master-async-await-with-this-real-world-example-19107e7558ad"
						]
					}
				},
				{
					"ObjectsPrototypes": "Learning about object prototypes in Javascript",
					"status": "Not Started",
					"links": {
						"youtube": [],
						"mdn": [
							"https://developer.mozilla.org/en-US/docs/Web/JavaScript/Reference/Global_Objects/Promise"
						],
						"pluralsight": [
							"https://app.pluralsight.com/library/courses/javascript-objects-prototypes-classes/table-of-contents"
						]
					}
				}
			]
		}
	],
	"nodejs": [{ "reads": [{}] }],
	"docker": [
		{
			"reads": [
				{
					"stackoverflow": "https://stackoverflow.com/questions/48133653/setting-timezone-in-nodejs-localhost-to-reflect-production-environment",
					"github": "https://github.com/nodejs/docker-node/blob/main/docs/BestPractices.md",
					"dockerizingnodeapp": "https://nodejs.org/en/docs/guides/nodejs-docker-webapp/"
				}
			]
		}
	],
	"github": [
		{
			"reads": [
				{
					"housekeeping": "https://railsware.com/blog/git-housekeeping-tutorial-clean-up-outdated-branches-in-local-and-remote-repositories/"
				}
			]
		}
	],
	"webpack": [
		{
			"reads": [{ "offical": "https://webpack.js.org/guides/getting-started/" }]
		}
	],
	"follow": [{ "jayanthbabu123": "https://github.com/jayanthbabu123" }],
	"management": [
		{
			"agile": "",
			"scrum": "https://www.scrum.org/resources/what-is-scrum",
			"testing": "https://www.applause.com/blog/functional-testing-types-examples"
		}
	]
}
