{
	"current": [
		{
			"ukhomes": [
				{
					"task": "page template setup",
					"status": "in progress",
                    "tickets": "",
					"comments": ""
				}
			],
			"bg-aem": [
				{
					"task": "request from mo to check the possibility of the lastest design",
					"status": "in progress",
                    "tickets": "",
					"comments": "Asked help from nucleus team(Drew), Asked help from Scott for the comparison table which he recently done"
				}
			],
            "Apache":
		}
	]
}
